[{"id":"user-file-1.EinBlick.mp3","fileName":"1.EinBlick.mp3","name":"1.EinBlick","publicUrl":"np://user.desktop.nicepage.com/Site_301138784/files/1.EinBlick.mp3","size":2312040},{"id":"user-file-2.DieKonstruktiondesWeiblichen.mp3","fileName":"2.DieKonstruktiondesWeiblichen.mp3","name":"2.DieKonstruktiondesWeiblichen","publicUrl":"np://user.desktop.nicepage.com/Site_301138784/files/2.DieKonstruktiondesWeiblichen.mp3","size":2863662},{"id":"user-file-3.DieDreiBlicke.mp3","fileName":"3.DieDreiBlicke.mp3","name":"3.DieDreiBlicke","publicUrl":"np://user.desktop.nicepage.com/Site_301138784/files/3.DieDreiBlicke.mp3","size":2682744},{"id":"user-file-4.DieAmbivalenzderDarstellung.mp3","fileName":"4.DieAmbivalenzderDarstellung.mp3","name":"4.DieAmbivalenzderDarstellung","publicUrl":"np://user.desktop.nicepage.com/Site_301138784/files/4.DieAmbivalenzderDarstellung.mp3","size":2741195},{"id":"user-file-5.SubjektivitatimFilm.mp3","fileName":"5.SubjektivitatimFilm.mp3","name":"5.SubjektivitatimFilm","publicUrl":"np://user.desktop.nicepage.com/Site_301138784/files/5.SubjektivitatimFilm.mp3","size":2726907},{"id":"user-file-6.DerBlickalsSpiegel.mp3","fileName":"6.DerBlickalsSpiegel.mp3","name":"6.DerBlickalsSpiegel","publicUrl":"np://user.desktop.nicepage.com/Site_301138784/files/6.DerBlickalsSpiegel.mp3","size":2139742},{"id":"user-file-7.VoyeurismusundseineFolgen.mp3","fileName":"7.VoyeurismusundseineFolgen.mp3","name":"7.VoyeurismusundseineFolgen","publicUrl":"np://user.desktop.nicepage.com/Site_301138784/files/7.VoyeurismusundseineFolgen.mp3","size":2689239},{"id":"user-file-8.FetischismusalsSchutzmechanismus-.mp3","fileName":"8.FetischismusalsSchutzmechanismus-.mp3","name":"8.FetischismusalsSchutzmechanismus-","publicUrl":"np://user.desktop.nicepage.com/Site_301138784/files/8.FetischismusalsSchutzmechanismus-.mp3","size":2255008},{"id":"user-file-9.DieweiblichePerspektive_EinunerforschterRaum.mp3","fileName":"9.DieweiblichePerspektive_EinunerforschterRaum.mp3","name":"9.DieweiblichePerspektive_EinunerforschterRaum","publicUrl":"np://user.desktop.nicepage.com/Site_301138784/files/9.DieweiblichePerspektive_EinunerforschterRaum.mp3","size":2938480},{"id":"user-file-10.DieIllusionderNeutralitat.mp3","fileName":"10.DieIllusionderNeutralitat.mp3","name":"10.DieIllusionderNeutralitat","publicUrl":"np://user.desktop.nicepage.com/Site_301138784/files/10.DieIllusionderNeutralitat.mp3","size":1926055},{"id":"user-file-Videoplatzhalter_1.mp4","fileName":"Videoplatzhalter_1.mp4","name":"Videoplatzhalter_1","publicUrl":"npv://user.desktop.nicepage.com/Site_301138784/files/Videoplatzhalter_1.mp4","size":4496220},{"id":"user-file-Videoplatzhalter_2.mp4","fileName":"Videoplatzhalter_2.mp4","name":"Videoplatzhalter_2","publicUrl":"npv://user.desktop.nicepage.com/Site_301138784/files/Videoplatzhalter_2.mp4","size":4496220},{"id":"user-file-Videoplatzhalter_3.mp4","fileName":"Videoplatzhalter_3.mp4","name":"Videoplatzhalter_3","publicUrl":"npv://user.desktop.nicepage.com/Site_301138784/files/Videoplatzhalter_3.mp4","size":4496220},{"id":"user-file-Videoplatzhalter_4.mp4","fileName":"Videoplatzhalter_4.mp4","name":"Videoplatzhalter_4","publicUrl":"npv://user.desktop.nicepage.com/Site_301138784/files/Videoplatzhalter_4.mp4","size":4496220},{"id":"user-file-Videoplatzhalter_Trailer.mp4","fileName":"Videoplatzhalter_Trailer.mp4","name":"Videoplatzhalter_Trailer","publicUrl":"npv://user.desktop.nicepage.com/Site_301138784/files/Videoplatzhalter_Trailer.mp4","size":4496220}]