[{"id":"user-image-Allthewater_Web-19.jpg","publicUrl":"np://user.desktop.nicepage.com/Site_301138784/images/Allthewater_Web-19.jpg","size":400130,"hash":"62GntnR4KMz6AVqpjE0FC0IlNXY=","fileName":"Allthewater_Web-19.jpg","name":"Allthewater_Web-19","width":750,"height":1000,"thumbnail":{"url":"np://user.desktop.nicepage.com/Site_301138784/images/thumbnails/Allthewater_Web-19.jpg","width":188,"height":250},"folderId":null,"usages":["247948188"]},{"id":"user-image-Allthewater_Web-18.jpg","publicUrl":"np://user.desktop.nicepage.com/Site_301138784/images/Allthewater_Web-18.jpg","size":661844,"hash":"vbhFssiFh/jK3UB4MBBjhg65BAw=","fileName":"Allthewater_Web-18.jpg","name":"Allthewater_Web-18","width":1000,"height":1000,"thumbnail":{"url":"np://user.desktop.nicepage.com/Site_301138784/images/thumbnails/Allthewater_Web-18.jpg","width":250,"height":250},"folderId":null,"usages":["247948188"]},{"id":"user-image-Allthewater_Web-15.jpg","publicUrl":"np://user.desktop.nicepage.com/Site_301138784/images/Allthewater_Web-15.jpg","size":401253,"hash":"lBf7Sn7kpL4yhh70D050bT1jsBs=","fileName":"Allthewater_Web-15.jpg","name":"Allthewater_Web-15","width":750,"height":1000,"thumbnail":{"url":"np://user.desktop.nicepage.com/Site_301138784/images/thumbnails/Allthewater_Web-15.jpg","width":188,"height":250},"folderId":null,"usages":["247948188"]},{"id":"user-image-Allthewater_Web-16.jpg","publicUrl":"np://user.desktop.nicepage.com/Site_301138784/images/Allthewater_Web-16.jpg","size":360386,"hash":"TccO8jcKVmyeFlsJm5Yr1gSXks0=","fileName":"Allthewater_Web-16.jpg","name":"Allthewater_Web-16","width":750,"height":1000,"thumbnail":{"url":"np://user.desktop.nicepage.com/Site_301138784/images/thumbnails/Allthewater_Web-16.jpg","width":188,"height":250},"folderId":null,"usages":["247948188"]},{"id":"user-image-Allthewater_Web-10.jpg","publicUrl":"np://user.desktop.nicepage.com/Site_301138784/images/Allthewater_Web-10.jpg","size":509691,"hash":"cFtQcAiON+LXomUQFPl/QyT6G50=","fileName":"Allthewater_Web-10.jpg","name":"Allthewater_Web-10","width":1000,"height":1000,"thumbnail":{"url":"np://user.desktop.nicepage.com/Site_301138784/images/thumbnails/Allthewater_Web-10.jpg","width":250,"height":250},"folderId":null,"usages":["247948188"]},{"id":"user-image-Allthewater_Web-03.jpg","publicUrl":"np://user.desktop.nicepage.com/Site_301138784/images/Allthewater_Web-03.jpg","size":382567,"hash":"n6+kmv5i3A0MaKjefoNps0WQjKo=","fileName":"Allthewater_Web-03.jpg","name":"Allthewater_Web-03","width":750,"height":1000,"thumbnail":{"url":"np://user.desktop.nicepage.com/Site_301138784/images/thumbnails/Allthewater_Web-03.jpg","width":188,"height":250},"folderId":null,"usages":["247948188"]},{"id":"user-image-Allthewater_Web-04.jpg","publicUrl":"np://user.desktop.nicepage.com/Site_301138784/images/Allthewater_Web-04.jpg","size":325316,"hash":"tW5AdSkoBbXK4l0aDTB/YJBWf9o=","fileName":"Allthewater_Web-04.jpg","name":"Allthewater_Web-04","width":750,"height":1000,"thumbnail":{"url":"np://user.desktop.nicepage.com/Site_301138784/images/thumbnails/Allthewater_Web-04.jpg","width":188,"height":250},"folderId":null,"usages":["247948188"]},{"id":"user-image-250122_Cover_4.jpg","publicUrl":"np://user.desktop.nicepage.com/Site_301138784/images/250122_Cover_4.jpg","size":561834,"hash":"u5izVBw8u9g15+X6EKgGia3gOmI=","fileName":"250122_Cover_4.jpg","name":"250122_Cover_4","width":2121,"height":1590,"thumbnail":{"url":"np://user.desktop.nicepage.com/Site_301138784/images/thumbnails/250122_Cover_4.jpg","width":250,"height":187},"folderId":null,"usages":["247948188"]},{"id":"user-image-250122_Cover_3.jpg","publicUrl":"np://user.desktop.nicepage.com/Site_301138784/images/250122_Cover_3.jpg","size":743463,"hash":"dYjTAd+OAOoox1z70sBtg+5W2jQ=","fileName":"250122_Cover_3.jpg","name":"250122_Cover_3","width":2161,"height":1621,"thumbnail":{"url":"np://user.desktop.nicepage.com/Site_301138784/images/thumbnails/250122_Cover_3.jpg","width":250,"height":188},"folderId":null,"usages":["247948188"]},{"id":"user-image-250122_Cover_2.jpg","publicUrl":"np://user.desktop.nicepage.com/Site_301138784/images/250122_Cover_2.jpg","size":832339,"hash":"MUqDBSLJTZ8TWicnjDgWqhHIbsU=","fileName":"250122_Cover_2.jpg","name":"250122_Cover_2","width":2169,"height":1627,"thumbnail":{"url":"np://user.desktop.nicepage.com/Site_301138784/images/thumbnails/250122_Cover_2.jpg","width":250,"height":188},"folderId":null,"usages":["247948188"]},{"id":"user-image-250122_Cover_1.jpg","publicUrl":"np://user.desktop.nicepage.com/Site_301138784/images/250122_Cover_1.jpg","size":582637,"hash":"XG/gxaI3wwRUqKOKhV0QjcFjT70=","fileName":"250122_Cover_1.jpg","name":"250122_Cover_1","width":2082,"height":1561,"thumbnail":{"url":"np://user.desktop.nicepage.com/Site_301138784/images/thumbnails/250122_Cover_1.jpg","width":250,"height":187},"folderId":null,"usages":["247948188"]},{"id":"user-image-Allthewater_Web-17.jpg","publicUrl":"np://user.desktop.nicepage.com/Site_301138784/images/Allthewater_Web-17.jpg","size":465587,"hash":"UunJCQH8XdBZkcni35e1veZ4myk=","fileName":"Allthewater_Web-17.jpg","name":"Allthewater_Web-17","width":750,"height":1000,"thumbnail":{"url":"np://user.desktop.nicepage.com/Site_301138784/images/thumbnails/Allthewater_Web-17.jpg","width":188,"height":250},"folderId":null,"usages":["247948188"]},{"id":"user-image-Allthewater_Web-21.jpg","publicUrl":"np://user.desktop.nicepage.com/Site_301138784/images/Allthewater_Web-21.jpg","size":364819,"hash":"gSREMS7P8fLj+fViwQ5978WeTdI=","fileName":"Allthewater_Web-21.jpg","name":"Allthewater_Web-21","width":750,"height":1000,"thumbnail":{"url":"np://user.desktop.nicepage.com/Site_301138784/images/thumbnails/Allthewater_Web-21.jpg","width":188,"height":250},"folderId":null,"usages":["247948188"]},{"id":"user-image-Allthewater_Web-22.jpg","publicUrl":"np://user.desktop.nicepage.com/Site_301138784/images/Allthewater_Web-22.jpg","size":492397,"hash":"vX3oxZSMjuIWlmJ+Nyi03aKLTiY=","fileName":"Allthewater_Web-22.jpg","name":"Allthewater_Web-22","width":750,"height":1000,"thumbnail":{"url":"np://user.desktop.nicepage.com/Site_301138784/images/thumbnails/Allthewater_Web-22.jpg","width":188,"height":250},"folderId":null,"usages":["247948188"]},{"id":"user-image-Allthewater_Web-05.jpg","publicUrl":"np://user.desktop.nicepage.com/Site_301138784/images/Allthewater_Web-05.jpg","size":334424,"hash":"oijWUgHBPkhxDTOdddVtZANX3Qg=","fileName":"Allthewater_Web-05.jpg","name":"Allthewater_Web-05","width":750,"height":1000,"thumbnail":{"url":"np://user.desktop.nicepage.com/Site_301138784/images/thumbnails/Allthewater_Web-05.jpg","width":188,"height":250},"folderId":null,"usages":["247948188"]},{"id":"user-image-Allthewater_Web-11.jpg","publicUrl":"np://user.desktop.nicepage.com/Site_301138784/images/Allthewater_Web-11.jpg","size":328308,"hash":"yG2+nsUwow/x9ysv2mo4LTwknfM=","fileName":"Allthewater_Web-11.jpg","name":"Allthewater_Web-11","width":750,"height":1000,"thumbnail":{"url":"np://user.desktop.nicepage.com/Site_301138784/images/thumbnails/Allthewater_Web-11.jpg","width":188,"height":250},"folderId":null,"usages":["247948188"]},{"id":"user-image-Allthewater_Web-02.jpg","publicUrl":"np://user.desktop.nicepage.com/Site_301138784/images/Allthewater_Web-02.jpg","size":463946,"hash":"bfClAjVuRLgUTWzykZtjzsLi2ss=","fileName":"Allthewater_Web-02.jpg","name":"Allthewater_Web-02","width":1000,"height":1000,"thumbnail":{"url":"np://user.desktop.nicepage.com/Site_301138784/images/thumbnails/Allthewater_Web-02.jpg","width":250,"height":250},"folderId":null,"usages":["247948188"]},{"id":"user-image-Allthewater_Web-08.jpg","publicUrl":"np://user.desktop.nicepage.com/Site_301138784/images/Allthewater_Web-08.jpg","size":383011,"hash":"VIzZ3s+XRUzh4fy/+GVF+dN5Gg0=","fileName":"Allthewater_Web-08.jpg","name":"Allthewater_Web-08","width":750,"height":1000,"thumbnail":{"url":"np://user.desktop.nicepage.com/Site_301138784/images/thumbnails/Allthewater_Web-08.jpg","width":188,"height":250},"folderId":null,"usages":["247948188"]},{"id":"user-image-Allthewater_Web-07.jpg","publicUrl":"np://user.desktop.nicepage.com/Site_301138784/images/Allthewater_Web-07.jpg","size":374669,"hash":"AJqSQ1c2Jz8kH5mzAbc3G0FTrp0=","fileName":"Allthewater_Web-07.jpg","name":"Allthewater_Web-07","width":750,"height":1000,"thumbnail":{"url":"np://user.desktop.nicepage.com/Site_301138784/images/thumbnails/Allthewater_Web-07.jpg","width":188,"height":250},"folderId":null,"usages":["247948188"]},{"id":"user-image-Allthewater_Web-01.jpg","publicUrl":"np://user.desktop.nicepage.com/Site_301138784/images/Allthewater_Web-01.jpg","size":288339,"hash":"Y+ScZHAP9uaBlMJkCEC+sVFhqL8=","fileName":"Allthewater_Web-01.jpg","name":"Allthewater_Web-01","width":750,"height":1000,"thumbnail":{"url":"np://user.desktop.nicepage.com/Site_301138784/images/thumbnails/Allthewater_Web-01.jpg","width":188,"height":250},"folderId":null,"usages":["247948188"]},{"id":"user-image-Allthewater_Web-09.jpg","publicUrl":"np://user.desktop.nicepage.com/Site_301138784/images/Allthewater_Web-09.jpg","size":294272,"hash":"n0m9xiudWEOaDnqesmqiQC3NTm0=","fileName":"Allthewater_Web-09.jpg","name":"Allthewater_Web-09","width":750,"height":1000,"thumbnail":{"url":"np://user.desktop.nicepage.com/Site_301138784/images/thumbnails/Allthewater_Web-09.jpg","width":188,"height":250},"folderId":null,"usages":["247948188"]},{"id":"user-image-Allthewater_Web-13.jpg","publicUrl":"np://user.desktop.nicepage.com/Site_301138784/images/Allthewater_Web-13.jpg","size":372169,"hash":"WNTqDYHBo+GTeqfj9GiHsGEazwM=","fileName":"Allthewater_Web-13.jpg","name":"Allthewater_Web-13","width":1000,"height":750,"thumbnail":{"url":"np://user.desktop.nicepage.com/Site_301138784/images/thumbnails/Allthewater_Web-13.jpg","width":250,"height":188},"folderId":null,"usages":["83184265"]}]