[{"id":157696616,"title":"Blog Template","order":1,"templateKey":"blog","customTemplate":false,"customTemplateFilename":null,"pageLinks":[],"dateCreated":"2025-01-15T16:34:09.388Z","dateUpdated":"2025-01-15T16:34:09.937Z","folderId":null,"pageName":"Blog Template","serverPageId":null,"sectionCount":1,"status":2,"backwardUrl":null},{"id":390613220,"title":"Post Template","order":2,"templateKey":"post","customTemplate":false,"customTemplateFilename":null,"pageLinks":[],"dateCreated":"2025-01-15T16:34:09.450Z","dateUpdated":"2025-01-15T16:34:09.937Z","folderId":null,"pageName":"Post Template","serverPageId":null,"sectionCount":1,"status":2,"backwardUrl":null},{"id":453025758,"title":"Product List Template","order":3,"templateKey":"products","customTemplate":false,"customTemplateFilename":null,"pageLinks":[],"dateCreated":"2025-01-15T16:34:09.508Z","dateUpdated":"2025-01-15T16:34:09.937Z","folderId":null,"pageName":"Product List Template","serverPageId":null,"sectionCount":1,"status":2,"backwardUrl":null},{"id":3031718055,"title":"Product Details Template","order":4,"templateKey":"product","customTemplate":false,"customTemplateFilename":null,"pageLinks":[],"dateCreated":"2025-01-15T16:34:09.562Z","dateUpdated":"2025-01-15T16:34:09.937Z","folderId":null,"pageName":"Product Details Template","serverPageId":null,"sectionCount":1,"status":2,"backwardUrl":null},{"id":824301910,"title":"Shopping Cart Template","order":5,"templateKey":"cart","customTemplate":false,"customTemplateFilename":null,"pageLinks":[],"dateCreated":"2025-01-15T16:34:09.608Z","dateUpdated":"2025-01-15T16:34:09.938Z","folderId":null,"pageName":"Shopping Cart Template","serverPageId":null,"sectionCount":1,"status":2,"backwardUrl":null},{"id":2757817942,"title":"Checkout Template","order":6,"templateKey":"checkout","customTemplate":false,"customTemplateFilename":null,"pageLinks":[],"dateCreated":"2025-01-15T16:34:09.669Z","dateUpdated":"2025-01-15T16:34:09.938Z","folderId":null,"pageName":"Checkout Template","serverPageId":null,"sectionCount":1,"status":2,"backwardUrl":null},{"id":202100157,"title":"Login Template","order":7,"templateKey":"login","customTemplate":false,"customTemplateFilename":null,"pageLinks":[],"dateCreated":"2025-01-15T16:34:09.705Z","dateUpdated":"2025-01-15T16:34:09.938Z","folderId":null,"pageName":"Login Template","serverPageId":null,"sectionCount":1,"status":2,"backwardUrl":null},{"id":59430973,"title":"Search Page Template","order":8,"templateKey":"Search","customTemplate":false,"customTemplateFilename":null,"pageLinks":[],"dateCreated":"2025-01-15T16:34:09.732Z","dateUpdated":"2025-01-15T16:34:09.938Z","folderId":null,"pageName":"Search Page Template","serverPageId":null,"sectionCount":1,"status":2,"backwardUrl":null},{"id":611522917,"title":"Page Password Template","order":9,"templateKey":"password","customTemplate":false,"customTemplateFilename":null,"pageLinks":[],"dateCreated":"2025-01-15T16:34:09.763Z","dateUpdated":"2025-01-15T16:34:09.938Z","folderId":null,"pageName":"Page Password Template","serverPageId":null,"sectionCount":1,"status":2,"backwardUrl":null},{"id":76892009,"title":"404 Not Found Template","order":10,"templateKey":"404","customTemplate":false,"customTemplateFilename":null,"pageLinks":[],"dateCreated":"2025-01-15T16:34:09.786Z","dateUpdated":"2025-01-15T16:34:09.938Z","folderId":null,"pageName":"404 Not Found Template","serverPageId":null,"sectionCount":1,"status":2,"backwardUrl":null},{"id":80511760,"title":"Thank You Page Template","order":11,"templateKey":"ThankYou","customTemplate":false,"customTemplateFilename":null,"pageLinks":[],"dateCreated":"2025-01-15T16:34:09.808Z","dateUpdated":"2025-01-15T16:34:09.938Z","folderId":null,"pageName":"Thank You Page Template","serverPageId":null,"sectionCount":1,"status":2,"backwardUrl":null},{"id":113126279,"title":"lernen","order":103,"templateKey":null,"customTemplate":false,"customTemplateFilename":null,"pageLinks":["247948188","369810924"],"dateCreated":"2025-01-22T10:39:35.555Z","dateUpdated":"2025-01-22T14:58:18.873Z","folderId":null,"pageName":"lernen_113126279","serverPageId":null,"sectionCount":20,"status":2,"backwardUrl":null},{"id":83184265,"title":"start","order":104,"templateKey":null,"customTemplate":false,"customTemplateFilename":null,"pageLinks":["247948188","113126279","369810924"],"dateCreated":"2025-01-22T10:50:24.552Z","dateUpdated":"2025-01-22T14:52:47.869Z","folderId":null,"pageName":"start_83184265","serverPageId":null,"sectionCount":4,"status":2,"backwardUrl":null},{"id":247948188,"title":"sehen","order":105,"templateKey":null,"customTemplate":false,"customTemplateFilename":null,"pageLinks":["113126279","369810924"],"dateCreated":"2025-01-22T11:03:40.286Z","dateUpdated":"2025-01-22T14:55:31.623Z","folderId":null,"pageName":"sehen_247948188","serverPageId":null,"sectionCount":20,"status":2,"backwardUrl":null},{"id":369810924,"title":"hören","order":107,"templateKey":null,"customTemplate":false,"customTemplateFilename":null,"pageLinks":["247948188","113126279"],"dateCreated":"2025-01-22T11:32:14.387Z","dateUpdated":"2025-01-22T15:01:50.564Z","folderId":null,"pageName":"hören_369810924","serverPageId":null,"sectionCount":12,"status":2,"backwardUrl":null}]